i,urls
0,https://tim.blog/podcast
1,https://tim.blog/category/the-tim-ferriss-show-transcripts/
2,https://tim.blog/media/
3,https://fhww.files.wordpress.com/2018/07/01-kevin-rose.pdf
4,https://fhww.files.wordpress.com/2018/07/02-josh-waitzkin.pdf
5,https://fhww.files.wordpress.com/2018/07/03-kelly-starrett-and-justin-megar.pdf
6,https://fhww.files.wordpress.com/2018/07/04-ryan-holiday.pdf
7,https://fhww.files.wordpress.com/2018/07/05-jason-silva.pdf
8,https://fhww.files.wordpress.com/2018/07/06-tim-ferriss-6-formulas-for-more-output-and-less-overwhelm.pdf
9,https://fhww.files.wordpress.com/2018/09/07-stephen-dubner.pdf
10,https://fhww.files.wordpress.com/2018/07/08-chase-jarvis.pdf
11,https://fhww.files.wordpress.com/2018/07/09-tim-ferriss-the-9-habits-to-stop-now.pdf
12,https://fhww.files.wordpress.com/2018/07/10-brian-koppelman.pdf
13,https://fhww.files.wordpress.com/2018/07/11-tim-ferriss-drugs-and-the-meaning-of-life.pdf
14,https://fhww.files.wordpress.com/2018/09/12-rhonda-patrick.pdf
15,https://fhww.files.wordpress.com/2018/07/13-tim-ferriss-productivity-tricks-for-the-neurotic.pdf
16,https://fhww.files.wordpress.com/2018/07/14-sam-harris.pdf
17,https://fhww.files.wordpress.com/2018/07/15-neil-strauss.pdf
18,https://fhww.files.wordpress.com/2018/07/16-joe-de-sena.pdf
19,https://fhww.files.wordpress.com/2018/09/17-tim-ferriss-the-power-of-negative-visualization.pdf
20,https://fhww.files.wordpress.com/2018/07/18-james-altucher.pdf
21,https://fhww.files.wordpress.com/2018/07/19-tim-ferriss-the-top-5-reasons-to-be-a-jack-of-all-trades.pdf
22,https://fhww.files.wordpress.com/2018/07/20-dan-carlin.pdf
23,https://fhww.files.wordpress.com/2018/07/21-mike-shinoda.pdf
24,https://fhww.files.wordpress.com/2018/07/22-ed-catmull.pdf
25,https://fhww.files.wordpress.com/2018/07/23-tim-ferriss-do-22homeopathic22-remedies-or-medicine-work.pdf
26,https://fhww.files.wordpress.com/2018/07/24-random-show.pdf
27,https://fhww.files.wordpress.com/2018/07/25-26-27-kevin-kelly.pdf
28,https://fhww.files.wordpress.com/2018/07/25-26-27-kevin-kelly.pdf
29,https://fhww.files.wordpress.com/2018/07/25-26-27-kevin-kelly.pdf
30,https://fhww.files.wordpress.com/2018/07/28-peter-thiel.pdf
31,https://fhww.files.wordpress.com/2018/07/29-brendan-moynihan.pdf
32,https://fhww.files.wordpress.com/2018/07/30-31-32-tracy-dinunzio.pdf
33,https://fhww.files.wordpress.com/2018/07/30-31-32-tracy-dinunzio.pdf
34,https://fhww.files.wordpress.com/2018/07/30-31-32-tracy-dinunzio.pdf
35,https://fhww.files.wordpress.com/2018/09/33-ramit-sethi.pdf
36,https://fhww.files.wordpress.com/2018/09/34-ramit-sethi.pdf
37,https://fhww.files.wordpress.com/2018/07/35-tony-robbins-and-peter-diamandis.pdf
38,https://fhww.files.wordpress.com/2018/07/36-alexis-ohanian.pdf
39,https://fhww.files.wordpress.com/2018/07/37-tony-robbins-part-1.pdf
40,https://fhww.files.wordpress.com/2018/07/38-tony-robbins-part-2.pdf
41,https://fhww.files.wordpress.com/2018/07/39-maria-popova.pdf
42,https://fhww.files.wordpress.com/2018/07/40-andrew-zimmern.pdf
43,https://fhww.files.wordpress.com/2018/07/41-rolf-potts-part-1.pdf
44,https://fhww.files.wordpress.com/2018/07/42-rolf-potts-part-2.pdf
45,https://fhww.files.wordpress.com/2018/07/43-margaret-cho.pdf
46,https://fhww.files.wordpress.com/2018/07/44-tim-ferriss-how-to-avoid-decision-fatigue.pdf
47,https://fhww.files.wordpress.com/2018/07/45-nick-ganju.pdf
48,https://fhww.files.wordpress.com/2018/07/46-random-show.pdf
49,https://fhww.files.wordpress.com/2018/07/47-bryan-callen.pdf
50,https://fhww.files.wordpress.com/2018/07/48-marc-goodman.pdf
51,https://fhww.files.wordpress.com/2018/07/49-tim-ferriss-tim-answers-your-10-most-popular-questions.pdf
52,https://fhww.files.wordpress.com/2018/07/50-peter-attia.pdf
53,https://fhww.files.wordpress.com/2018/07/51-tim-ferriss-tim-answers-10-more-popular-questions-from-listeners.pdf
54,https://fhww.files.wordpress.com/2018/07/52-53-ed-cooke.pdf
55,https://fhww.files.wordpress.com/2018/07/52-53-ed-cooke.pdf
56,https://fhww.files.wordpress.com/2018/07/54-jonathan-eisen-jessica-richman.pdf
57,https://fhww.files.wordpress.com/2018/07/55-pavel-tsatsouline.pdf
58,https://fhww.files.wordpress.com/2018/07/56-peter-diamandis.pdf
59,https://fhww.files.wordpress.com/2018/07/57-pavel-tsatsouline.pdf
60,https://fhww.files.wordpress.com/2018/07/58-alex-blumberg-part-1.pdf
61,https://fhww.files.wordpress.com/2018/07/59-alex-blumberg-part-2.pdf
62,https://fhww.files.wordpress.com/2018/07/60-arnold-schwarzenegger.pdf
63,https://fhww.files.wordpress.com/2018/07/61-matt-mullenweg.pdf
64,https://fhww.files.wordpress.com/2018/07/62-justin-boreta.pdf
65,https://fhww.files.wordpress.com/2018/07/63-mark-hart-and-raoul-pal.pdf
66,https://fhww.files.wordpress.com/2018/07/64-kelly-starrett.pdf
67,https://fhww.files.wordpress.com/2018/07/65-peter-attia.pdf
68,https://fhww.files.wordpress.com/2018/07/66-james-fadiman.pdf
69,https://fhww.files.wordpress.com/2018/07/67-amanda-palmer.pdf
70,https://tim.blog/2015/04/03/lazy-a-manifesto/
71,https://fhww.files.wordpress.com/2018/07/69-glenn-beck.pdf
72,https://tim.blog/2015/04/10/how-to-earn-your-freedom/
73,https://fhww.files.wordpress.com/2018/09/71-jon-favreau.pdf
74,https://fhww.files.wordpress.com/2018/09/72-paul-levesque-tfs.pdf
75,https://rss.art19.com/episodes/690e2309-55de-4f9b-b4d8-07b27e728e86.mp3
76,https://fhww.files.wordpress.com/2018/07/74-samy-kamkar-part-1.pdf
77,https://fhww.files.wordpress.com/2018/07/75-noah-kagan.pdf
78,https://fhww.files.wordpress.com/2018/07/76-rick-rubin.pdf
79,https://fhww.files.wordpress.com/2018/07/77-danielle-and-astro-teller.pdf
80,https://fhww.files.wordpress.com/2018/07/78-tim-ferriss-how-to-build-a-large-audience-from-scratch.pdf
81,https://fhww.files.wordpress.com/2018/07/79-chris-sacca.pdf
82,https://rss.art19.com/episodes/eff51486-f356-42a2-8659-8a8b3b042b30.mp3
83,https://fhww.files.wordpress.com/2018/07/81-bryan-johnson.pdf
84,https://fhww.files.wordpress.com/2018/07/82-sam-kass.pdf
85,https://fhww.files.wordpress.com/2018/07/83-adam-gazzaley.pdf
86,https://fhww.files.wordpress.com/2018/09/84-whitney-cummings.pdf
87,https://fhww.files.wordpress.com/2018/09/85-kelly-starrett.pdf
88,https://fhww.files.wordpress.com/2018/07/86-stanley-mcchrystal-chris-fussell.pdf
89,https://fhww.files.wordpress.com/2018/07/87-sam-harris.pdf
90,https://fhww.files.wordpress.com/2018/07/88-stanley-mcchrystal.pdf
91,https://fhww.files.wordpress.com/2018/07/89-laird-hamilton-gabrielle-reece-brian-mackenzie.pdf
92,https://fhww.files.wordpress.com/2018/07/90-peter-diamandis.pdf
93,https://fhww.files.wordpress.com/2018/07/91-charles-poliquin.pdf
94,https://fhww.files.wordpress.com/2018/07/92-maria-popova.pdf
95,https://fhww.files.wordpress.com/2018/07/93-jane-mcgonigal.pdf
96,https://fhww.files.wordpress.com/2018/07/94-tara-brach.pdf
97,https://fhww.files.wordpress.com/2018/07/95-phil-libin.pdf
98,https://fhww.files.wordpress.com/2018/07/96-kevin-kelly.pdf
99,https://fhww.files.wordpress.com/2018/07/97-naval-ravikant.pdf
100,https://fhww.files.wordpress.com/2018/07/98-robert-rodriguez.pdf
101,https://fhww.files.wordpress.com/2018/07/99-tim-ferriss-how-to-build-a-world-class-network-in-record-time.pdf
102,https://fhww.files.wordpress.com/2018/07/100-brene-brown.pdf
103,https://fhww.files.wordpress.com/2018/08/101-reid-hoffman-and-michael-mccullough.pdf
104,https://fhww.files.wordpress.com/2018/08/102-wim-hof.pdf
105,https://fhww.files.wordpress.com/2018/08/103-tim-ferriss-episode-100-drunk-dialing-fans.pdf
106,https://fhww.files.wordpress.com/2018/08/104-martin-polanco-and-dan-engle.pdf
107,https://fhww.files.wordpress.com/2018/08/105-5-morning-rituals-that-help-me-win-the-day.pdf
108,https://fhww.files.wordpress.com/2018/08/106-scott-adams.pdf
109,https://fhww.files.wordpress.com/2018/08/107-jocko-willink.pdf
110,https://fhww.files.wordpress.com/2018/09/108-seth-rogen-evan-goldberg.pdf
111,https://fhww.files.wordpress.com/2018/08/109-tim-ferriss-5-things-i-did-to-become-a-better-investor.pdf
112,https://fhww.files.wordpress.com/2018/08/110-richard-betts.pdf
113,https://fhww.files.wordpress.com/2018/08/111-tim-ferriss-conversation-at-expa-should-you-start-a-startup.pdf
114,https://fhww.files.wordpress.com/2018/08/112-sophia-amoruso.pdf
115,https://fhww.files.wordpress.com/2018/08/113-tim-ferriss-5-tools-i-use-for-faster-and-better-sleep.pdf
116,https://fhww.files.wordpress.com/2018/08/114-jimmy-chin.pdf
117,https://fhww.files.wordpress.com/2018/08/115-lisa-randall.pdf
118,https://fhww.files.wordpress.com/2018/08/116-casey-neistat.pdf
119,https://fhww.files.wordpress.com/2018/08/117-dominic-dagostino.pdf
120,https://fhww.files.wordpress.com/2018/08/118-alain-de-botton.pdf
121,https://fhww.files.wordpress.com/2018/08/119-kevin-costner.pdf
122,https://fhww.files.wordpress.com/2018/08/120-william-macaskill.pdf
123,https://fhww.files.wordpress.com/2018/08/121-bj-novak.pdf
124,https://fhww.files.wordpress.com/2018/08/122-tim-ferriss-the-magic-of-mindfulness.pdf
125,https://fhww.files.wordpress.com/2018/08/123-rainn-wilson.pdf
126,https://fhww.files.wordpress.com/2018/08/124-jamie-foxx.pdf
127,https://fhww.files.wordpress.com/2018/08/125-derek-sivers.pdf
128,https://fhww.files.wordpress.com/2018/08/126-tim-ferriss-25-great-things-ive-learned-from-podcast-guests.pdf
129,https://fhww.files.wordpress.com/2018/08/127-amelia-boone.pdf
130,https://tim.blog/derek-sivers-reloaded-on-the-tim-ferriss-show-transcript/
131,https://fhww.files.wordpress.com/2018/08/129-random-show.pdf
132,https://tim.blog/daymond-john-on-the-tim-ferriss-show-transcript/
133,https://fhww.files.wordpress.com/2018/08/131-eric-weinstein.pdf
134,https://fhww.files.wordpress.com/2018/08/132-chris-sacca.pdf
135,https://tim.blog/edward-norton-on-the-tim-ferriss-show-transcript/
136,https://fhww.files.wordpress.com/2018/08/134-tim-ferriss-the-tao-of-seneca.pdf
137,https://fhww.files.wordpress.com/2018/08/135-luis-von-ahn.pdf
138,https://tim.blog/naval-ravikant-on-the-tim-ferriss-show-transcript/
139,https://fhww.files.wordpress.com/2018/08/137-tim-ferriss-how-to-practice-poverty-and-reduce-fear.pdf
140,https://fhww.files.wordpress.com/2018/09/138-seth-godin.pdf
141,https://fhww.files.wordpress.com/2018/08/140-shaun-white.pdf
142,https://fhww.files.wordpress.com/2018/08/141-kaskade-and-sekou-andrews.pdf
143,https://fhww.files.wordpress.com/2018/08/142-tim-ferriss-how-to-achieve-self-ownership.pdf
144,https://fhww.files.wordpress.com/2018/08/143-patrick-arnold.pdf
145,https://fhww.files.wordpress.com/2018/08/144-10x-results-with-joel-stein.pdf
146,https://fhww.files.wordpress.com/2018/08/145-cal-fussman.pdf
147,https://fhww.files.wordpress.com/2018/08/146-random-show.pdf
148,https://fhww.files.wordpress.com/2018/08/147-tim-ferriss-how-to-avoid-the-busy-trap.pdf
149,https://fhww.files.wordpress.com/2018/08/148-josh-waitzkin.pdf
150,https://fhww.files.wordpress.com/2018/08/149-tim-ferriss-how-to-live-in-the-moment.pdf
151,https://fhww.files.wordpress.com/2018/08/150-morgan-spurlock.pdf
152,https://tim.blog/2018/01/01/the-tim-ferriss-show-transcripts-caroline-paul/
153,https://tim.blog/2018/01/01/the-tim-ferriss-show-transcripts-on-philosophy-and-riches/
154,https://tim.blog/2018/01/01/the-tim-ferriss-show-transcripts-bj-miller/
155,https://tim.blog/2018/01/01/the-tim-ferriss-show-transcripts-paulo-coelho/
156,https://tim.blog/2018/01/01/the-tim-ferriss-show-transcripts-on-zero-to-hero-transformations/
157,https://tim.blog/2018/01/01/the-tim-ferriss-show-transcripts-joshua-skenes/
158,https://tim.blog/2018/01/01/the-tim-ferriss-show-transcripts-mike-rowe/
159,https://tim.blog/2018/01/01/the-tim-ferriss-show-transcripts-the-secrets-of-gymnastic-strength-training/
160,https://tim.blog/2018/01/01/the-tim-ferriss-show-transcripts-how-to-optimize-creative-output-jarvis-vs-ferriss/
161,https://tim.blog/2018/01/01/the-tim-ferriss-show-transcripts-assessing-risk-and-living-without-a-rope-lessons-from-alex-honnold/
162,https://tim.blog/2018/01/01/the-tim-ferriss-show-transcripts-lessons-from-war-tribal-societies-and-a-non-fiction-life-sebastian-junger/
163,https://tim.blog/2018/01/01/the-tim-ferriss-show-transcripts-how-to-be-tim-ferriss-freakonomics-stephen-j-dubner/
164,https://tim.blog/2018/01/01/the-tim-ferriss-show-transcripts-marc-andreessen/
165,https://tim.blog/2018/06/01/the-tim-ferriss-show-transcripts-kevin-kelly-ai-virtual-reality-and-the-inevitable/
166,https://tim.blog/2016/06/10/the-canvas-strategy/
167,https://tim.blog/2018/06/01/the-tim-ferriss-show-transcripts-ramit-sethi-how-creatives-should-negotiate/
168,https://tim.blog/2018/06/05/the-tim-ferriss-show-transcripts-jamie-foxx-part-2/
169,https://tim.blog/2018/06/01/the-tim-ferriss-show-transcripts-malcolm-gladwell/
170,https://tim.blog/2018/06/01/the-tim-ferriss-show-transcripts-ryan-holiday-169-useful-lessons-from-workaholics-anonymous-corporate-implosions-and-more/
171,https://tim.blog/2018/06/01/the-tim-ferriss-show-transcripts-shay-carl-from-manual-laborer-to-2-3-billion-youtube-views/
172,https://tim.blog/2018/06/05/the-tim-ferriss-show-transcripts-the-random-show-new-favorite-books-memory-training-and-bets-on-vr/
173,https://tim.blog/2018/06/05/the-tim-ferriss-show-transcripts-dom-dagostino-the-power-of-the-ketogenic-diet/
174,https://tim.blog/2018/06/04/the-tim-ferriss-show-transcripts-chris-young/
175,https://tim.blog/2018/06/04/the-tim-ferriss-show-transcripts-nicholas-mccarthy/
176,https://tim.blog/2018/06/05/the-tim-ferriss-show-transcripts-how-to-cage-the-monkey-mind/
177,https://tim.blog/2018/06/04/the-tim-ferriss-show-transcripts-mike-birbiglia/
178,https://tim.blog/2018/06/05/the-tim-ferriss-show-transcripts-seth-godin-on-how-to-think-small-to-go-big/
179,https://tim.blog/2018/06/06/the-tim-ferriss-show-transcripts-tony-robbins-on-achievement-versus-fulfillment/
180,https://tim.blog/2016/08/14/whats-important-to-you/
181,https://tim.blog/2018/06/06/the-tim-ferriss-show-transcripts-the-secrets-of-gymnastic-strength-training-part-two/
182,https://tim.blog/2018/06/06/the-tim-ferriss-show-transcripts-how-to-waste-money-to-improve-the-quality-of-your-life/
183,https://tim.blog/2018/06/06/the-tim-ferriss-show-transcripts-jason-nemer/
184,https://tim.blog/2018/06/06/the-tim-ferriss-show-transcripts-cal-fussman-the-master-storyteller-returns/
185,https://tim.blog/2018/06/06/the-tim-ferriss-show-transcripts-shep-gordon/
186,https://tim.blog/2018/06/06/the-tim-ferriss-show-transcripts-practicing-what-you-preach/
187,https://tim.blog/2018/06/05/the-tim-ferriss-show-transcripts-tony-robbins-on-how-to-resolve-internal-conflict/
188,https://tim.blog/2018/06/04/the-tim-ferriss-show-transcripts-jocko-willink-on-discipline-leadership-and-overcoming-doubt/
189,https://tim.blog/2018/06/06/the-tim-ferriss-show-transcripts-dom-dagostino-on-disease-prevention-cancer-and-living-longer/
190,https://tim.blog/2018/06/06/the-tim-ferriss-show-transcripts-shay-carl-on-wealth-parenting-and-the-future-of-video/
191,https://tim.blog/2018/06/05/the-tim-ferriss-show-transcripts-matt-mullenweg-on-characteristics-and-practices-of-successful-entrepreneurs/
192,https://tim.blog/2018/06/05/the-tim-ferriss-show-transcripts-the-art-and-science-of-learning-anything-faster/
193,https://tim.blog/2018/06/20/the-tim-ferriss-show-transcripts-the-return-of-drunk-dialing/
194,https://tim.blog/2018/06/05/the-tim-ferriss-show-transcripts-peter-attia-david-sabatini-and-navdeep-chandel/
195,https://tim.blog/2018/06/20/the-tim-ferriss-show-transcripts-erik-vance/
196,https://tim.blog/2018/06/05/the-tim-ferriss-show-transcripts-david-dhh-heinemeier-hansson/
197,https://tim.blog/2018/06/06/the-tim-ferriss-show-transcripts-dave-camarillo/
198,https://tim.blog/2018/06/21/the-tim-ferriss-show-transcripts-drunk-dialing-ladies-night-edition/
199,https://tim.blog/2018/06/19/the-tim-ferriss-show-transcripts-charles-poliquin-his-favorite-mass-building-program-his-nighttime-routine-for-better-sleep-and-much-more/
200,https://tim.blog/2018/06/06/the-tim-ferriss-show-transcripts-stephen-dubner-the-art-of-storytelling-and-facing-malcolm-gladwell-in-a-fist-fight/
201,https://tim.blog/2018/06/19/the-tim-ferriss-show-transcripts-susan-garrett/
202,https://tim.blog/2018/06/20/the-tim-ferriss-show-transcripts-meditation-mindset-and-mastery/
203,https://tim.blog/2018/06/20/the-tim-ferriss-show-transcripts-derek-sivers-distilled/
204,https://tim.blog/2018/06/19/the-tim-ferriss-show-transcripts-david-heinemeier-hansson-on-digital-security-company-culture-and-the-value-of-schooling/
205,https://tim.blog/2018/06/19/the-tim-ferriss-show-transcripts-josh-waitzkin-distilled/
206,https://tim.blog/2018/06/19/the-tim-ferriss-show-transcripts-mark-bittman/
207,https://tim.blog/2016/12/07/testing-the-impossible-17-questions-that-changed-my-life/
208,https://tim.blog/2018/06/21/the-tim-ferriss-show-transcripts-brene-brown-distilled/
209,https://tim.blog/2018/06/19/the-tim-ferriss-show-transcripts-ezra-klein/
210,https://tim.blog/2018/06/19/the-tim-ferriss-show-transcripts-the-random-show-threesome-tim-ferriss-kevin-rose-and-matt-mullenweg/
211,https://tim.blog/2018/06/20/the-tim-ferriss-show-transcripts-becoming-the-best-version-of-you/
212,https://tim.blog/2018/06/20/the-tim-ferriss-show-transcripts-a-j-jacobs/
213,https://tim.blog/2018/06/20/the-tim-ferriss-show-transcripts-what-i-learned-in-2016/
214,https://tim.blog/2018/06/21/the-tim-ferriss-show-transcripts-fasting-vs-slow-carb-diet-top-150-purchases-balancing-productivity-and-relaxation-and-more/
215,https://tim.blog/2018/06/21/the-tim-ferriss-show-transcripts-debbie-millman/
216,https://tim.blog/2018/06/21/the-tim-ferriss-show-transcripts-whitney-cummings/
217,https://tim.blog/2018/06/20/the-tim-ferriss-show-transcripts-arnold-schwarzenegger-part-2/
218,https://tim.blog/2018/06/21/the-tim-ferriss-show-transcripts-dr-martin-gibala/
219,https://tim.blog/2018/06/21/the-tim-ferriss-show-transcripts-kara-swisher/
220,https://tim.blog/2018/06/22/the-tim-ferriss-show-transcripts-adam-robinson-interview/
221,https://tim.blog/2018/06/21/the-tim-ferriss-show-transcripts-soman-chainani/
222,https://tim.blog/2018/06/01/the-tim-ferriss-show-transcripts-mr-money-mustache/
223,https://tim.blog/2018/06/21/the-tim-ferriss-show-transcripts-jerrod-carmichael/
224,https://tim.blog/2018/06/21/the-tim-ferriss-show-transcripts-krista-tippett/
225,https://tim.blog/2018/06/22/the-tim-ferriss-show-transcripts-the-random-show-with-kevin-rose-224-the-random-show-drinking-urine-exploring-japan-and-figuring-out-life/
226,https://tim.blog/2018/06/05/the-tim-ferriss-show-transcripts-john-crowley/
227,https://tim.blog/2018/06/05/the-tim-ferriss-show-transcripts-dr-phil-zimbardo/
228,https://tim.blog/2018/06/05/the-tim-ferriss-show-transcripts-caroline-paul-on-conquering-fear-and-reducing-anxiety/
229,https://tim.blog/2018/06/05/the-tim-ferriss-show-transcripts-jerzy-gregorek-and-naval-ravikant/
230,https://tim.blog/2018/06/05/the-tim-ferriss-show-transcripts-ricardo-semler/
231,https://tim.blog/2018/06/22/the-tim-ferriss-show-transcripts-debbie-millman-on-the-secrets-tactics-and-creative-processes-of-high-performers-and-achievers/
232,https://tim.blog/2018/06/22/the-tim-ferriss-show-transcripts-cheryl-strayed/
233,https://tim.blog/2018/06/20/the-tim-ferriss-show-transcripts-how-to-control-stress-upgrade-your-nutrition-and-build-the-mindset-of-a-gladiator/
234,https://tim.blog/2018/06/04/the-tim-ferriss-show-transcripts-cory-booker/
235,https://tim.blog/2018/06/04/the-tim-ferriss-show-transcripts-marie-kondo/
236,https://tim.blog/2018/06/05/the-tim-ferriss-show-transcripts-dorian-yates/
237,https://tim.blog/2018/06/05/the-tim-ferriss-show-transcripts-murray-carter/
238,https://tim.blog/2017/05/25/transcript-dr-rhonda-patrick-on-exploring-smart-drugs-fasting-and-fat-loss/
239,https://tim.blog/2018/06/01/the-tim-ferriss-show-transcripts-ryan-flaherty/
240,https://tim.blog/2018/06/01/the-tim-ferriss-show-transcripts-art-de-vany/
241,https://tim.blog/2018/06/20/the-tim-ferriss-show-transcripts-accelerated-learning-my-story/
242,https://tim.blog/2018/06/01/the-tim-ferriss-show-transcripts-esther-perel/
243,https://tim.blog/2018/06/05/the-tim-ferriss-show-transcripts-phil-keoghan/
244,https://tim.blog/2018/06/05/the-tim-ferriss-show-transcripts-vince-vaughn/
245,https://tim.blog/2018/06/01/the-tim-ferriss-show-transcripts-nick-szabo/
246,https://tim.blog/2018/06/05/the-tim-ferriss-show-transcripts-david-blaine/
247,https://tim.blog/2018/06/01/the-tim-ferriss-show-transcripts-jason-khalipa/
248,https://tim.blog/2018/06/01/the-tim-ferriss-show-transcripts-cool-tools-for-travel-with-kevin-kelly/
249,https://tim.blog/2018/06/01/the-tim-ferriss-show-transcripts-reid-hoffman-ten-commandments/
250,https://tim.blog/2018/06/01/the-tim-ferriss-show-transcripts-blake-mycoskie/
251,https://tim.blog/2018/05/30/the-tim-ferriss-show-transcripts-myers-briggs-diet-mistakes-and-immortality/
252,https://tim.blog/2018/05/30/the-tim-ferriss-show-transcripts-kyle-maynard/
253,https://tim.blog/2018/05/30/the-tim-ferriss-show-transcripts-mark-bell/
254,https://tim.blog/2018/06/04/the-tim-ferriss-show-transcripts-morning-routines-and-strategies/
255,https://tim.blog/2018/06/04/the-tim-ferriss-show-transcripts-when-to-quit-lessons-from-world-class-entrepreneurs-investors-authors-and-more/
256,https://tim.blog/2018/06/20/the-tim-ferriss-show-transcripts-how-to-turn-failure-into-success/
257,https://tim.blog/2018/05/30/the-tim-ferriss-show-transcripts-michael-gervais/
258,https://tim.blog/2018/06/22/the-tim-ferriss-show-transcripts-physical-training-and-dating-strategies/
259,https://tim.blog/2018/05/30/the-tim-ferriss-show-transcripts-bill-rasmussen/
260,https://tim.blog/2018/05/30/the-tim-ferriss-show-transcripts-cal-fussman-and-larry-king/
261,https://tim.blog/2018/05/30/the-tim-ferriss-show-transcripts-phil-hellmuth/
262,https://tim.blog/2018/05/30/tim-ferriss-show-transcript-maria-sharapova/
263,https://tim.blog/2018/02/01/the-tim-ferriss-show-transcripts-stewart-copeland/
264,https://tim.blog/2018/02/01/the-tim-ferriss-show-transcripts-darren-aronofsky/
265,https://tim.blog/2018/02/01/the-tim-ferriss-show-transcripts-ray-dalio/
266,https://tim.blog/2018/02/01/the-tim-ferriss-show-transcripts-bill-burr/
267,https://tim.blog/2018/02/02/the-tim-ferriss-show-transcripts-favorite-books-supplements-simple-technologies-and-more/
268,https://tim.blog/2018/02/02/the-tim-ferriss-show-transcripts-tools-and-tips-for-better-sleep/
269,https://tim.blog/2018/02/02/the-tim-ferriss-show-transcripts-eric-ripert/
270,https://tim.blog/2018/02/02/the-tim-ferriss-show-transcripts-the-3-critical-rules-of-branding/
271,https://tim.blog/2018/02/02/the-tim-ferriss-show-transcripts-investing-wisdom-from-marc-andreessen-peter-thiel-reid-hoffman-chris-sacca-and-others/
272,https://tim.blog/2018/02/02/the-tim-ferriss-show-transcripts-intimacy-emotional-baggage-relationship-longevity-and-more-esther-perel/
273,https://tim.blog/2018/02/02/the-tim-ferriss-show-transcripts-sir-richard-branson/
274,https://tim.blog/2018/02/02/the-tim-ferriss-show-transcripts-walter-isaacson/
275,https://tim.blog/2018/02/02/the-tim-ferriss-show-transcripts-arianna-huffington/
276,https://tim.blog/2018/02/02/the-tim-ferriss-show-transcripts-discipline-equals-freedom-jocko-willink/
277,https://tim.blog/2018/02/02/the-tim-ferriss-show-transcripts-terry-laughlin/
278,https://tim.blog/2018/02/03/the-tim-ferriss-show-podcasts-sharon-salzberg/
279,https://tim.blog/2018/02/03/the-tim-ferriss-show-transcripts-tim-oreilly/
280,https://tim.blog/2018/02/03/the-tim-ferriss-show-transcripts-brian-grazer/
281,https://tim.blog/2018/02/03/the-tim-ferriss-show-transcripts-alice-little/
282,https://tim.blog/2018/02/03/the-tim-ferriss-show-transcripts-stewart-brand/
283,https://tim.blog/2018/02/03/the-tim-ferriss-show-transcripts-how-to-say-no/
284,https://tim.blog/2018/02/03/the-tim-ferriss-show-transcripts-tim-urban/
285,https://tim.blog/2018/02/03/the-tim-ferriss-show-transcripts-the-answers-to-my-favorite-questions/
286,https://tim.blog/2018/02/04/the-tim-ferriss-show-transcripts-m-sanjayan/
287,https://tim.blog/2018/02/04/the-tim-ferriss-show-transcripts-mike-maples/
288,https://tim.blog/2018/02/04/the-tim-ferriss-show-transcripts-terry-crews/
289,https://tim.blog/2018/02/04/the-tim-ferriss-show-transcripts-bozoma-saint-john/
290,https://tim.blog/2018/02/04/the-tim-ferriss-show-transcripts-how-to-handle-information-overwhelm-and-social-media/
291,https://tim.blog/2018/02/04/the-tim-ferriss-show-transcripts-gretchen-rubin/
292,https://tim.blog/2018/02/06/the-tim-ferriss-show-transcripts-how-the-best-overcome-fear/
293,https://tim.blog/2018/02/06/the-tim-ferriss-show-transcripts-lessons-and-warnings-from-successful-risk-takers/
294,https://tim.blog/2018/02/06/the-tim-ferriss-show-transcripts-catherine-hoke/
295,https://tim.blog/2018/02/06/the-tim-ferriss-show-transcripts-best-investments-bad-advice-to-avoid-and-other-life-lessons/
296,https://tim.blog/2018/02/06/the-tim-ferriss-show-transcripts-the-4-hour-workweek-revisited/
297,https://tim.blog/2018/02/06/the-tim-ferriss-show-transcripts-how-to-build-popular-podcasts-and-blogs/
298,https://tim.blog/2018/02/07/the-tim-ferriss-show-transcripts-bob-metcalfe/
299,https://tim.blog/2018/06/04/the-tim-ferriss-show-transcripts-dr-gabor-mate/
300,https://tim.blog/2018/06/04/the-tim-ferriss-show-transcripts-how-to-secure-financial-freedom-maximize-productivity-and-protect-your-health/
301,https://tim.blog/2018/06/04/the-tim-ferriss-show-transcripts-jack-kornfield/
302,https://tim.blog/2018/03/10/tim-ferriss-show-transcript-joe-gebbia/
303,https://tim.blog/2018/03/22/tim-ferriss-show-transcript-aubrey-marcus/
304,https://tim.blog/2018/03/22/the-tim-ferriss-show-transcripts-frank-blake/
305,https://tim.blog/2018/06/26/the-tim-ferriss-show-transcripts-debbie-millman-how-to-prioritize-your-life-and-make-time-for-what-matters/
306,https://tim.blog/2018/06/26/the-tim-ferriss-show-transcripts-daniel-pink/
307,https://tim.blog/2018/06/26/the-tim-ferriss-show-transcripts-discipline-sex-and-psychedelics-the-return-of-drunk-dialing/
308,https://tim.blog/2018/06/26/the-tim-ferriss-show-transcripts-karlie-kloss/
309,https://tim.blog/2018/06/26/the-tim-ferriss-show-transcripts-katie-couric/
310,https://tim.blog/2018/06/26/the-tim-ferriss-show-transcripts-astro-teller-how-to-think-10x-bigger/
311,https://tim.blog/2018/06/26/the-tim-ferriss-show-transcripts-tim-kennedy/
312,https://tim.blog/2018/06/26/the-tim-ferriss-show-podcasts-nick-thompson/
313,https://tim.blog/2018/06/26/the-tim-ferriss-show-transcripts-joseph-gordon-levitt/
314,https://tim.blog/2018/06/26/the-tim-ferriss-show-transcripts-michael-pollan/
315,https://tim.blog/2018/06/26/the-tim-ferriss-show-transcripts-cindy-eckert/
316,https://tim.blog/2018/06/26/the-tim-ferriss-show-transcripts-lessons-learned-traveling-the-world/
317,https://tim.blog/2018/06/26/the-tim-ferriss-show-transcripts-whitney-wolfe-herd/
318,https://tim.blog/2018/06/26/the-tim-ferriss-show-transcripts-steve-jurvetson/
319,https://tim.blog/2018/06/26/the-tim-ferriss-show-transcripts-one-person-businesses-that-make-1m-per-year/
320,https://tim.blog/2018/06/10/how-to-succeed-in-high-stress-situations/
321,https://tim.blog/2018/06/26/the-tim-ferriss-show-transcripts-liz-lambert/
322,https://tim.blog/2018/06/27/the-tim-ferriss-show-transcripts-brandon-stanton/
323,https://tim.blog/2018/06/30/the-tim-ferriss-show-transcripts-adam-robinson-outflanking-and-outsmarting-the-competition/
324,https://tim.blog/2018/06/30/the-tim-ferriss-show-transcripts-tim-ferriss-goes-to-maximum-security-prison/
325,https://tim.blog/2018/07/05/the-tim-ferriss-show-transcripts-cal-fussman-corners-tim-ferriss/
326,https://tim.blog/2018/07/07/the-tim-ferriss-show-transcripts-lessons-from-richard-branson-tony-robbins-ray-dalio-and-other-icons-325/
327,https://tim.blog/2018/07/13/the-tim-ferriss-show-transcripts-reid-hoffman-brian-chesky-how-to-scale-to-100m-users/
328,https://tim.blog/2018/07/18/the-tim-ferriss-show-transcripts-aisha-tyler/
329,https://tim.blog/2018/07/19/essentialism/
330,https://tim.blog/2018/07/25/the-tim-ferriss-show-transcripts-jason-fried/
331,https://tim.blog/2018/08/01/the-tim-ferriss-show-transcripts-the-return-of-drunk-dialing-how-to-ask-better-questions-take-better-risks-and-more/
332,https://tim.blog/2018/08/07/the-tim-ferriss-show-transcripts-ann-miura-ko/
333,https://tim.blog/2018/08/11/the-tim-ferriss-show-transcripts-coach-george-raveling/
334,https://tim.blog/2018/08/20/the-tim-ferriss-show-transcripts-random-show-fasting-biohacking-and-tony-robbins/
335,https://tim.blog/2018/08/29/the-tim-ferriss-show-transcripts-drew-houston/
336,https://tim.blog/2018/09/11/the-tim-ferriss-show-transcripts-doris-kearns-goodwin/
337,https://tim.blog/2018/09/17/the-tim-ferriss-show-transcripts-scott-belsky/

